slug,name,area,beach,business_status,opened_year,price_display,price_basis,price_kind,price_note,price_level,signature_dish,signature_dish_eur,espeto_eur,official_site,menu_url,menu_is_pdf,address,phone,google_place_id,google_maps_url,verified,url,currency,source_page,attribution,license
la-ola,La Ola,Marbella centro,Playa de la Fontanilla,operating,,€8.90,menu,espeto,,€€,Espeto de sardinas (Málaga-style spit-roasted sardines),8.9,8.9,https://laolamarbella.es/,https://laolamarbella.es/menu/,false,"3-4, P.º Marítimo, 29602 Marbella, Málaga, Spain",952 85 74 48,ChIJVVUlaAAocw0RcTyG-c_oh4U,https://maps.google.com/?cid=9621915108842552433&g_mp=CiVnb29nbGUubWFwcy5wbGFjZXMudjEuUGxhY2VzLkdldFBsYWNlEAIYBCAA,2026-08-17,https://marbellawire.com/prices/chiringuitos/la-ola/,EUR,https://marbellawire.com/prices/chiringuitos/,"Marbella Wire, https://marbellawire.com/prices/chiringuitos/",https://creativecommons.org/licenses/by/4.0/
dune-beach-marbella,Dune Beach Marbella,Marbella municipality,,operating,,,,,,€€€€,,,,https://dunebeachmarbella.com,https://dunebeachmarbella.com/wp-content/uploads/2026/03/RESTAURANT-MENU_DUNE-BEACH-1.pdf,true,"Av. Cervantes, S/N, 29604 Marbella, Málaga, Spain",951 61 52 13,ChIJMYZ7ULsncw0RkHIajrF3SBw,https://maps.google.com/?cid=2038010435862164112&g_mp=CiVnb29nbGUubWFwcy5wbGFjZXMudjEuUGxhY2VzLkdldFBsYWNlEAIYBCAA,2026-08-17,https://marbellawire.com/prices/chiringuitos/dune-beach-marbella/,EUR,https://marbellawire.com/prices/chiringuitos/,"Marbella Wire, https://marbellawire.com/prices/chiringuitos/",https://creativecommons.org/licenses/by/4.0/
chiringuito-los-tony-s,Chiringuito Los Tony's (Tonys Beach Restaurant),Elviria,,operating,,,,,,€€€,,,,https://chiringuitolostonys.com,https://chiringuitolostonys.com/carta-playa/,false,"Av. del Naviero, s/n, 29604 Marbella, Málaga, Spain",952 11 31 42,ChIJ426PevQgcw0RNrxhk4pRW4A,https://maps.google.com/?cid=9249075915355438134&g_mp=CiVnb29nbGUubWFwcy5wbGFjZXMudjEuUGxhY2VzLkdldFBsYWNlEAIYBCAA,2026-08-17,https://marbellawire.com/prices/chiringuitos/chiringuito-los-tony-s/,EUR,https://marbellawire.com/prices/chiringuitos/,"Marbella Wire, https://marbellawire.com/prices/chiringuitos/",https://creativecommons.org/licenses/by/4.0/
la-red,La Red,Marbella centro,Playa de la Fontanilla,operating,,€8.90,menu,espeto,"Espeto de sardinas €8.90, read off La Red's own carta, replacing the €20–30 per-head figure Google Business used to supply. The same menu prices grilled king prawn at €16.90, grilled rosada at €19.90 and Argentinian bife de chorizo at €24.90.",€€,Paella Mixta (for 2),31.9,8.9,https://www.laredmarbella.com/es,https://www.laredmarbella.com/es/_files/ugd/4ad273_049407114f3f41a3b2eecc1aa64e5b2e.pdf,true,"P.º Marítimo, 6, 29602 Marbella, Málaga, Spain",952 82 14 50,ChIJQ1zyrwEocw0R1uCH7igBAC0,https://maps.google.com/?cid=3242593007018959062&g_mp=CiVnb29nbGUubWFwcy5wbGFjZXMudjEuUGxhY2VzLkdldFBsYWNlEAIYBCAA,2026-08-17,https://marbellawire.com/prices/chiringuitos/la-red/,EUR,https://marbellawire.com/prices/chiringuitos/,"Marbella Wire, https://marbellawire.com/prices/chiringuitos/",https://creativecommons.org/licenses/by/4.0/
the-beach-house-restaurant-marbella,The Beach House Restaurant Marbella,Marbella Centro / Urbaniza,,operating,,,,,,,,,,https://www.beachhousemarbella.com,https://www.beachhousemarbella.com/a-la-carte,false,"Urbanización Coto de los Dolores, C. Carril del Relojero, s/n, 29604 Marbella, Málaga, Spain",952 83 94 58,ChIJcdEfYZIgcw0RQSLBQWTegWU,https://maps.google.com/?cid=7314371792007668289&g_mp=CiVnb29nbGUubWFwcy5wbGFjZXMudjEuUGxhY2VzLkdldFBsYWNlEAIYBCAA,2026-08-17,https://marbellawire.com/prices/chiringuitos/the-beach-house-restaurant-marbella/,EUR,https://marbellawire.com/prices/chiringuitos/,"Marbella Wire, https://marbellawire.com/prices/chiringuitos/",https://creativecommons.org/licenses/by/4.0/
nosso-summer-club-marbella,NOSSO Summer Club Marbella,Las Chapas / El Rosario ar,,operating,,€26–36,menu,mains,,,,,,https://nosso.es,https://nosso.es/wp-content/uploads/2026/05/ABRIL2026_WEB_ENG.pdf,true,"Av. del Limonar, 124, 29604 Marbella, Málaga, Spain",665 66 07 37,ChIJ71QiLUwncw0RaOslfLJxLK0,https://maps.google.com/?cid=12478473678937779048&g_mp=CiVnb29nbGUubWFwcy5wbGFjZXMudjEuUGxhY2VzLkdldFBsYWNlEAIYBCAA,2026-08-17,https://marbellawire.com/prices/chiringuitos/nosso-summer-club-marbella/,EUR,https://marbellawire.com/prices/chiringuitos/,"Marbella Wire, https://marbellawire.com/prices/chiringuitos/",https://creativecommons.org/licenses/by/4.0/
los-tres-pepes,Los Tres Pepes,Marbella centro,Playa de la Fontanilla,operating,1952,€9.5,menu,espeto,"26-36 (mains, e.g. sole fillet 28.90, lamb chops 26, sirloin 28, paella for two 36); espeto fish run 23.90/piece up to 52-58/kg for premium species",€€,Espeto de sardinas,9.5,9.5,https://www.restaurantelostrespepe.es/,https://www.restaurantelostrespepe.es/menu,false,"CAlle Arcos 1 Playa de la Fontanilla, 29602 Marbella, Málaga, Spain",952 77 89 30,ChIJge0SHwAocw0Rc6Se3ZNv-4U,https://maps.google.com/?cid=9654432907067827315&g_mp=CiVnb29nbGUubWFwcy5wbGFjZXMudjEuUGxhY2VzLkdldFBsYWNlEAIYBCAA,2026-08-17,https://marbellawire.com/prices/chiringuitos/los-tres-pepes/,EUR,https://marbellawire.com/prices/chiringuitos/,"Marbella Wire, https://marbellawire.com/prices/chiringuitos/",https://creativecommons.org/licenses/by/4.0/
trocadero-petit-playa,Trocadero Petit Playa,Fontanilla Beach / Paseo M,,operating,,,,,,€€€,,,,https://grupotrocadero.com/trocadero-petit-playa/,https://grupotrocadero.com/wp-content/uploads/2025/06/CARTA-COMIDADEFINITIVA-PETIT-2025-BLUE.pdf,true,"Playa Santa Petronila, Paseo Maritimo de Marbella, 29602 Marbella, Málaga, Spain",667 01 06 38,ChIJkTCwxSEocw0Rpe5UAimfFKA,https://maps.google.com/?cid=11535019544084278949&g_mp=CiVnb29nbGUubWFwcy5wbGFjZXMudjEuUGxhY2VzLkdldFBsYWNlEAIYBCAA,2026-08-17,https://marbellawire.com/prices/chiringuitos/trocadero-petit-playa/,EUR,https://marbellawire.com/prices/chiringuitos/,"Marbella Wire, https://marbellawire.com/prices/chiringuitos/",https://creativecommons.org/licenses/by/4.0/
bel-mare-ristorante-san-pedro,Bel Mare Ristorante - San Pedro,San Pedro de Alcántara,,operating,,€16–32,menu,mains,,€€,,,,https://belmare.es/,https://belmare.es/#menu,false,"Edif. Los Pinos, C. Rafael Alberti, Local 22, 29670 San Pedro Alcántara, Málaga, Spain",623 31 42 17,ChIJTzS4fIkpcw0RA9vu7tcvRc8,https://maps.google.com/?cid=14935396343717223171&g_mp=CiVnb29nbGUubWFwcy5wbGFjZXMudjEuUGxhY2VzLkdldFBsYWNlEAIYBCAA,2026-08-17,https://marbellawire.com/prices/chiringuitos/bel-mare-ristorante-san-pedro/,EUR,https://marbellawire.com/prices/chiringuitos/,"Marbella Wire, https://marbellawire.com/prices/chiringuitos/",https://creativecommons.org/licenses/by/4.0/
chambao,Chambao,Golden Mile,,operating,,€27–46,menu,mains,,,,,15,https://www.puenteromano.com/dining-drinks/chambao/,https://www.puenteromano.com/media/xl0ni5do/20250525_mainmenu_chambao.pdf,true,"Urbanización Coral Beach, N-340, km 176, 29602 Marbella, Málaga, Spain",682 11 22 33,ChIJweYOPAApcw0R7h-wgy6oCJI,https://maps.google.com/?cid=10522845447082483694&g_mp=CiVnb29nbGUubWFwcy5wbGFjZXMudjEuUGxhY2VzLkdldFBsYWNlEAIYBCAA,2026-08-17,https://marbellawire.com/prices/chiringuitos/chambao/,EUR,https://marbellawire.com/prices/chiringuitos/,"Marbella Wire, https://marbellawire.com/prices/chiringuitos/",https://creativecommons.org/licenses/by/4.0/
cuba-59-beach-bar,Cuba 59 Beach Bar,Nueva Andalucía / Puerto B,Puerto Banús / Nueva Andalucía beachfron,operating,,€20–30 pp,estimate,mains,"€20–30 per person (average-spend range per RestaurantGuru; menu is drinks/cocktail-led: no itemized food ""main dish"" price was found on any fetched source)",€€,Piña Colada (served in a fresh pineapple),24.9,,https://beach.cuba-59.com/,https://beach.cuba-59.com/,false,"Av. de las Naciones Unidas, 67, Nueva Andalucía, 29660 Marbella, Málaga, Spain",623 10 16 96,ChIJqZ6b75gpcw0RBOG5ea5jUFQ,https://maps.google.com/?cid=6075465498340483332&g_mp=CiVnb29nbGUubWFwcy5wbGFjZXMudjEuUGxhY2VzLkdldFBsYWNlEAIYBCAA,2026-08-17,https://marbellawire.com/prices/chiringuitos/cuba-59-beach-bar/,EUR,https://marbellawire.com/prices/chiringuitos/,"Marbella Wire, https://marbellawire.com/prices/chiringuitos/",https://creativecommons.org/licenses/by/4.0/
trocadero-arena,Trocadero Arena,Río Real,,operating,,,,,,€€€,,,,https://grupotrocadero.com/trocadero-arena/,https://grupotrocadero.com/wp-content/uploads/2025/07/CARTAARENAANDRES2025DEFINITIVA-1.pdf,true,"Playa de Río Real Carretera N340 km 186, 29600 Marbella, Málaga, Spain",952 86 55 79,ChIJAQAAAHzfcg0RCFOtQ4CHAoM,https://maps.google.com/?cid=9440256753882977032&g_mp=CiVnb29nbGUubWFwcy5wbGFjZXMudjEuUGxhY2VzLkdldFBsYWNlEAIYBCAA,2026-08-17,https://marbellawire.com/prices/chiringuitos/trocadero-arena/,EUR,https://marbellawire.com/prices/chiringuitos/,"Marbella Wire, https://marbellawire.com/prices/chiringuitos/",https://creativecommons.org/licenses/by/4.0/
siroko-beach,Siroko Beach,East Marbella,,operating,,,,,,€€€,,,,https://sirokobeach.com,https://sirokobeach.com/wp-content/uploads/2026/03/menuweb.pdf,true,"Av. Jardín de Los Pinos, 29604 Marbella, Málaga, Spain",626 56 97 29,ChIJ_b_5Wbcgcw0RE9bo8nzgwZo,https://maps.google.com/?cid=11151440979601970707&g_mp=CiVnb29nbGUubWFwcy5wbGFjZXMudjEuUGxhY2VzLkdldFBsYWNlEAIYBCAA,2026-08-17,https://marbellawire.com/prices/chiringuitos/siroko-beach/,EUR,https://marbellawire.com/prices/chiringuitos/,"Marbella Wire, https://marbellawire.com/prices/chiringuitos/",https://creativecommons.org/licenses/by/4.0/
ocean-club-marbella,Ocean Club Marbella,Puerto Banús / Nueva Andal,,operating,,€36–54,menu,mains,,,,,,https://oceanclub.es,https://oceanclub.es/app/uploads/2026/04/OC-FOOD-MENU_2026.pdf,true,"Av. de Lola Flores, s/n, Nueva Andalucía, 29660 Marbella, Málaga, Spain",952 90 81 37,ChIJ0449guwpcw0Rt1NBKqM3f54,https://maps.google.com/?cid=11420908353962988471&g_mp=CiVnb29nbGUubWFwcy5wbGFjZXMudjEuUGxhY2VzLkdldFBsYWNlEAIYBCAA,2026-08-17,https://marbellawire.com/prices/chiringuitos/ocean-club-marbella/,EUR,https://marbellawire.com/prices/chiringuitos/,"Marbella Wire, https://marbellawire.com/prices/chiringuitos/",https://creativecommons.org/licenses/by/4.0/
kala-kalua,Kala Kalua (Kala Kalua Playa Chiringuito),San Pedro de Alcántara,,operating,,,,,,€€,,,,https://kalakalua.com/,https://kalakalua.com/carta,false,"Urb. Cortijo Blanco, 29670 Marbella, Málaga, Spain",952 78 75 58,ChIJiQymg4kpcw0RNcBe0yjtunA,https://maps.google.com/?cid=8123065637516787765&g_mp=CiVnb29nbGUubWFwcy5wbGFjZXMudjEuUGxhY2VzLkdldFBsYWNlEAIYBCAA,2026-08-17,https://marbellawire.com/prices/chiringuitos/kala-kalua/,EUR,https://marbellawire.com/prices/chiringuitos/,"Marbella Wire, https://marbellawire.com/prices/chiringuitos/",https://creativecommons.org/licenses/by/4.0/
marisqueria-el-ancla,Marisquería El Ancla,San Pedro de Alcántara,,operating,,€18–88,menu,mains,,€€€€,,,,https://www.elanclarestaurante.com/,https://www.elanclarestaurante.com/wp-content/uploads/2021/03/CartaESP_SP.pdf,true,"Av. Carmen Sevilla, s/n, 29670 Marbella, Málaga, Spain",952 78 93 28,ChIJgwVAszAqcw0R0TkPQ62h-Lo,https://maps.google.com/?cid=13472696050805324241&g_mp=CiVnb29nbGUubWFwcy5wbGFjZXMudjEuUGxhY2VzLkdldFBsYWNlEAIYBCAA,2026-08-17,https://marbellawire.com/prices/chiringuitos/marisqueria-el-ancla/,EUR,https://marbellawire.com/prices/chiringuitos/,"Marbella Wire, https://marbellawire.com/prices/chiringuitos/",https://creativecommons.org/licenses/by/4.0/
la-cabane,La Cabane,Río Real / Los Monteros,,operating,,,,,,€€€€,,,,https://lacabanemarbella.com,https://lacabanemarbella.com/menu/restaurant/,true,"C. Jabalí, 29603 Marbella, Málaga, Spain",951 55 22 16,ChIJk3qkBD8gcw0R8QzwegeRre8,https://maps.google.com/?cid=17270619607349071089&g_mp=CiVnb29nbGUubWFwcy5wbGFjZXMudjEuUGxhY2VzLkdldFBsYWNlEAIYBCAA,2026-08-17,https://marbellawire.com/prices/chiringuitos/la-cabane/,EUR,https://marbellawire.com/prices/chiringuitos/,"Marbella Wire, https://marbellawire.com/prices/chiringuitos/",https://creativecommons.org/licenses/by/4.0/
bono-beach-marbella,Bono Beach Marbella,Elviria,,operating,,,,,,,,,,https://www.bonobeachmarbella.com,https://www.bonobeachmarbella.com/menu,false,"Avenida Cervantes s/n Urb. Costa Bella, 29604 Marbella, Málaga, Spain",952 83 92 36,ChIJo5umzkwncw0R30fcOudYS6s,https://maps.google.com/?cid=12343056953887180767&g_mp=CiVnb29nbGUubWFwcy5wbGFjZXMudjEuUGxhY2VzLkdldFBsYWNlEAIYBCAA,2026-08-17,https://marbellawire.com/prices/chiringuitos/bono-beach-marbella/,EUR,https://marbellawire.com/prices/chiringuitos/,"Marbella Wire, https://marbellawire.com/prices/chiringuitos/",https://creativecommons.org/licenses/by/4.0/
cocoa-beach-marbella,Cocoa Beach Marbella,Cabopino,,operating,,€33–37,menu,mains,"Barbecue mains, read off the Summer 2025 carta they publish as a PDF, which is the most recent menu Cocoa Beach puts in writing. Burgers run €22 to €25.",€€€,,,,https://www.cocoamarbella.com,https://cdn.prod.website-files.com/68860d68f37d447a2ddd8859/69a03186bff0e6e458cb08c6_Menu%20Cocoa%20Beach%20-Summer%202025%203.pdf,true,"C. de la Playa, s/n, 29604 Marbella, Málaga, Spain",693 69 23 73,ChIJU3dvAiQhcw0RFvfMmLkfD8c,https://maps.google.com/?cid=14343718220191299350&g_mp=CiVnb29nbGUubWFwcy5wbGFjZXMudjEuUGxhY2VzLkdldFBsYWNlEAIYBCAA,2026-08-17,https://marbellawire.com/prices/chiringuitos/cocoa-beach-marbella/,EUR,https://marbellawire.com/prices/chiringuitos/,"Marbella Wire, https://marbellawire.com/prices/chiringuitos/",https://creativecommons.org/licenses/by/4.0/
diblu,Diblú,Golden Mile,Playa Casablanca,operating,,€21–60,menu,mains,,€€€,Robata Grilled Scallops (orange-glazed / parmesan / balsamic-vinegar),10,14,https://diblu.es,https://diblu.es/menu/,false,"Paseo Maritimo s/n | Playa Casablanca, 29602 Marbella, Málaga, Spain",951 97 84 64,ChIJ1RA64wIocw0RMGMIikPKRCQ,https://maps.google.com/?cid=2613436075209155376&g_mp=CiVnb29nbGUubWFwcy5wbGFjZXMudjEuUGxhY2VzLkdldFBsYWNlEAIYBCAA,2026-08-17,https://marbellawire.com/prices/chiringuitos/diblu/,EUR,https://marbellawire.com/prices/chiringuitos/,"Marbella Wire, https://marbellawire.com/prices/chiringuitos/",https://creativecommons.org/licenses/by/4.0/
los-espigones,Los Espigones,Nueva Andalucía / Puerto B,Playa Nueva Andalucía,operating,1982,,,,,€€,"Paella (multiple varieties: mixta, marisco, pescado, negra, verdura)",,,https://chiringuitolosespigones.com/,https://chiringuitolosespigones.com/wp-content/uploads/2023/03/menu-chiringuito-los-espigones.pdf,true,"Playa Nueva Andalucía, s/n, 29660 Marbella, Málaga, Spain",667 09 61 59,ChIJ-dWQIpMpcw0RSjWTASNuLKs,https://maps.google.com/?cid=12334354576090281290&g_mp=CiVnb29nbGUubWFwcy5wbGFjZXMudjEuUGxhY2VzLkdldFBsYWNlEAIYBCAA,2026-08-17,https://marbellawire.com/prices/chiringuitos/los-espigones/,EUR,https://marbellawire.com/prices/chiringuitos/,"Marbella Wire, https://marbellawire.com/prices/chiringuitos/",https://creativecommons.org/licenses/by/4.0/
mc-beach,MC Beach (El Chiringuito),Golden Mile,Playa de Nagüeles,operating,,€28,menu,espeto,40-72 (grilled skewers/mains and charcoal-grill dishes cluster here; paellas run 35-45pp with red king prawn paella an outlier at 82; sushi rolls/nigiri run separately 18-57),€€€€,"Salt-crusted sea bass (500-600g, firewood/sea-salt grill)",48,28,https://www.marbellaclub.com/eat-and-drink/mc-beach,https://document-tc.galaxy.tf/wdpdf-8sxido67rzc86lbyv4lyfbxns/lunch-menu.pdf,true,"Urb. Marbella Country Club, 144, 29602 Marbella, Málaga, Spain",951 55 26 88,ChIJw96joiEocw0RGvbbKxHcs2s,https://maps.google.com/?cid=7760788549197887002&g_mp=CiVnb29nbGUubWFwcy5wbGFjZXMudjEuUGxhY2VzLkdldFBsYWNlEAIYBCAA,2026-08-17,https://marbellawire.com/prices/chiringuitos/mc-beach/,EUR,https://marbellawire.com/prices/chiringuitos/,"Marbella Wire, https://marbellawire.com/prices/chiringuitos/",https://creativecommons.org/licenses/by/4.0/
trocadero-playa,Trocadero Playa,Golden Mile,Playa de Santa Petronila,operating,,€18–35,menu,mains,"Mains €18–35 on the venue's own 2025 carta (fried anchovies at the low end, grilled sole and beef fillet at €35), which replaces the €30–80 per-head band Google Maps used to supply. Aged rib of beef is sold by weight at €82 a kilo, and a €3.50 cover charge is added per person.",€€€,,,,https://grupotrocadero.com/en/trocadero-playa/,https://grupotrocadero.com/wp-content/uploads/2025/06/CARTA-PLAYA-DEFINITIVA-2025-IMPRIMIR.pdf,true,"Playa de Santa Petronila, 29610 Marbella, Málaga, Spain",610 70 41 44,ChIJj9dUniEocw0RvpusDxh_R4U,https://maps.google.com/?cid=9603784471709785022&g_mp=CiVnb29nbGUubWFwcy5wbGFjZXMudjEuUGxhY2VzLkdldFBsYWNlEAIYBCAA,2026-08-17,https://marbellawire.com/prices/chiringuitos/trocadero-playa/,EUR,https://marbellawire.com/prices/chiringuitos/,"Marbella Wire, https://marbellawire.com/prices/chiringuitos/",https://creativecommons.org/licenses/by/4.0/
nikki-beach-marbella,Nikki Beach Marbella,Elviria,,operating,,,,,,€€€€,,,,https://www.nikkibeach.com/marbella,https://www.nikkibeach.com/marbella/menus,false,"Carr. de Cádiz, km 192, 29604 Marbella, Málaga, Spain",952 83 62 39,ChIJd5O2rgnYcg0RoXZZC3H0y9o,https://maps.google.com/?cid=15765963686899447457&g_mp=CiVnb29nbGUubWFwcy5wbGFjZXMudjEuUGxhY2VzLkdldFBsYWNlEAIYBCAA,2026-08-17,https://marbellawire.com/prices/chiringuitos/nikki-beach-marbella/,EUR,https://marbellawire.com/prices/chiringuitos/,"Marbella Wire, https://marbellawire.com/prices/chiringuitos/",https://creativecommons.org/licenses/by/4.0/
barbillon-marbella,Barbillón Marbella,Guadalmina Baja,,operating,,,,,,,,,,https://barbillon.com/marbella/,https://cdn.shopify.com/s/files/1/1068/3036/5021/files/RESTAURANTE-ESP_1.pdf?v=1783950790,true,"Urb. Guadalmina baja, C. 3, 318, 29670 Marbella, Málaga, Spain",628 99 12 30,ChIJUXXxq3Arcw0REOAnRV29mQg,https://maps.google.com/?cid=619734632030003216&g_mp=CiVnb29nbGUubWFwcy5wbGFjZXMudjEuUGxhY2VzLkdldFBsYWNlEAIYBCAA,2026-08-17,https://marbellawire.com/prices/chiringuitos/barbillon-marbella/,EUR,https://marbellawire.com/prices/chiringuitos/,"Marbella Wire, https://marbellawire.com/prices/chiringuitos/",https://creativecommons.org/licenses/by/4.0/
bocana-beach,Bocana Beach,Marbella centro,La Fontanilla / Playa de Venus stretch o,operating,,€18–28,menu,mains,"18-28 (meat/fish mains; rice dishes 16.5-42, lobster specialties 42-80)",€€,Arroz Caribeño Bocana (Caribbean-style rice),16.5,9,https://bocanabeachmarbella.com/,https://bocanabeachmarbella.com/wp-content/uploads/2022/07/mantelito-bocana-junio-2022.pdf,true,"P.º Marítimo, num 2, 29600 Marbella, Málaga, Spain",602 29 92 02,ChIJk4EVDhjXcg0RjfkegTf25qM,https://maps.google.com/?cid=11810397791075629453&g_mp=CiVnb29nbGUubWFwcy5wbGFjZXMudjEuUGxhY2VzLkdldFBsYWNlEAIYBCAA,2026-08-17,https://marbellawire.com/prices/chiringuitos/bocana-beach/,EUR,https://marbellawire.com/prices/chiringuitos/,"Marbella Wire, https://marbellawire.com/prices/chiringuitos/",https://creativecommons.org/licenses/by/4.0/
alabardero-beach-club-marbella,Alabardero Beach Club Marbella,San Pedro de Alcántara,,operating,,,,,,€€€,,,,https://alabarderobeach.es,https://alabarderobeach.es/wp-content/uploads/2025/10/Carta-Alabardero-Beach-Club-Marbella.pdf,true,"Urb. Castiglione, s/n, 29670 Marbella, Málaga, Spain",952 78 05 52,ChIJARx2rCAqcw0RQT9Kvs_uXr0,https://maps.google.com/?cid=13645606496997359425&g_mp=CiVnb29nbGUubWFwcy5wbGFjZXMudjEuUGxhY2VzLkdldFBsYWNlEAIYBCAA,2026-08-17,https://marbellawire.com/prices/chiringuitos/alabardero-beach-club-marbella/,EUR,https://marbellawire.com/prices/chiringuitos/,"Marbella Wire, https://marbellawire.com/prices/chiringuitos/",https://creativecommons.org/licenses/by/4.0/
chiringuito-puente-romano,Chiringuito Puente Romano,Golden Mile,,operating,,€20,menu,espeto,,,,,20,https://www.puenteromano.com,https://www.puenteromano.com/media/pcxnpufe/27052026_ch_mainmenu.pdf,true,"Bulevar Principe Alfonso von Hohenlohe, s/n,, 29602 Marbella, Málaga, Spain",682 11 22 33,ChIJnUwaxCUocw0RrvC6D-WhyCU,https://maps.google.com/?cid=2722603979928957102&g_mp=CiVnb29nbGUubWFwcy5wbGFjZXMudjEuUGxhY2VzLkdldFBsYWNlEAIYBCAA,2026-08-17,https://marbellawire.com/prices/chiringuitos/chiringuito-puente-romano/,EUR,https://marbellawire.com/prices/chiringuitos/,"Marbella Wire, https://marbellawire.com/prices/chiringuitos/",https://creativecommons.org/licenses/by/4.0/
la-plage-casanis,La Plage Casanis,Elviria / Golden Beach,,operating,,€43–160,menu,mains,,,,,,https://laplagecasanis.com/,https://laplagecasanis.com/cartas/LAPLAGE-FOOD.pdf,true,"Urbanización Golden Beach, Playa Real de Zaragoza, 29604 Marbella, Málaga, Spain",951 12 01 15,ChIJAWShPJUgcw0Rwh34x4L8LIk,https://maps.google.com/?cid=9884552920802270658&g_mp=CiVnb29nbGUubWFwcy5wbGFjZXMudjEuUGxhY2VzLkdldFBsYWNlEAIYBCAA,2026-08-17,https://marbellawire.com/prices/chiringuitos/la-plage-casanis/,EUR,https://marbellawire.com/prices/chiringuitos/,"Marbella Wire, https://marbellawire.com/prices/chiringuitos/",https://creativecommons.org/licenses/by/4.0/
mistral-beach,Mistral Beach,Puerto Banús / Playa del R,,operating,,€28–90,menu,mains,,€€€,,,,https://mistral-beach-marbella.com/,https://mistral-beach-marbella.com/wp-content/uploads/2026/03/Carta-2026_merged-2.pdf,true,"Playa del rodeo, Carr. de Cádiz, km 174, 29660 Marbella, Málaga, Spain",638 04 64 86,ChIJ7zyBUgbWcg0Rbwf3RGlvPbw,https://maps.google.com/?cid=13564120150629091183&g_mp=CiVnb29nbGUubWFwcy5wbGFjZXMudjEuUGxhY2VzLkdldFBsYWNlEAIYBCAA,2026-08-17,https://marbellawire.com/prices/chiringuitos/mistral-beach/,EUR,https://marbellawire.com/prices/chiringuitos/,"Marbella Wire, https://marbellawire.com/prices/chiringuitos/",https://creativecommons.org/licenses/by/4.0/
the-point-beach-club,The Point Beach Club (The Point Restaurant Marbella),Playa del Cable,,operating,,€18–75,menu,mains,,,,,,https://www.thepointmarbella.com,https://www.thepointmarbella.com/wp-content/uploads/2026/05/MENU-RESTAURANTE-2026-1.pdf,true,"Carretera A-7, Km 184,5, 29603 Marbella, Málaga, Spain",650 41 36 32,ChIJwa6rAD8ncw0RypuvU-C3eaQ,https://maps.google.com/?cid=11851706068506745802&g_mp=CiVnb29nbGUubWFwcy5wbGFjZXMudjEuUGxhY2VzLkdldFBsYWNlEAIYBCAA,2026-08-17,https://marbellawire.com/prices/chiringuitos/the-point-beach-club/,EUR,https://marbellawire.com/prices/chiringuitos/,"Marbella Wire, https://marbellawire.com/prices/chiringuitos/",https://creativecommons.org/licenses/by/4.0/
chiringuito-el-laurel,Chiringuito El Laurel,Elviria,,operating,,,,,,€€,,,,https://chiringuitoellaurel.com,https://chiringuitoellaurel.com/carta,false,"Avenida Jardines de la Golondrina, s/n, 29604 Marbella, Málaga, Spain",952 83 49 34,ChIJK7MlD_Mgcw0Rfszw93dfaEs,https://maps.google.com/?cid=5433697919288003710&g_mp=CiVnb29nbGUubWFwcy5wbGFjZXMudjEuUGxhY2VzLkdldFBsYWNlEAIYBCAA,2026-08-17,https://marbellawire.com/prices/chiringuitos/chiringuito-el-laurel/,EUR,https://marbellawire.com/prices/chiringuitos/,"Marbella Wire, https://marbellawire.com/prices/chiringuitos/",https://creativecommons.org/licenses/by/4.0/
aurora-beach,Aurora Beach,Puerto Banús / Nueva Andal,Playa Levante,operating,2000,€34–65,menu,mains,"Mains €34–65 on the venue's own carta, from grilled beef sirloin at €34 to a quarter roast lamb at €65, which replaces the €20–60 per-head range Google Maps users reported. A mollete with tomato and olive oil is €6.50 and there is a €2.50 cover charge per person for bread, aperitif or butter.",€€€,Carrillada de ternera (beef cheek),27,,https://aurorabeachbanus.com/,https://aurorabeachbanus.com/wp-content/uploads/2026/04/CARTA_es.pdf,true,"Carretera Nacional 340, 067, Nueva Andalucía, 29660 Puerto Banús, Marbella, Málaga, Málaga, Spain",951 97 96 28,ChIJ0XLaLMQpcw0Rq6rTY9iVSs8,https://maps.google.com/?cid=14936915870747962027&g_mp=CiVnb29nbGUubWFwcy5wbGFjZXMudjEuUGxhY2VzLkdldFBsYWNlEAIYBCAA,2026-08-17,https://marbellawire.com/prices/chiringuitos/aurora-beach/,EUR,https://marbellawire.com/prices/chiringuitos/,"Marbella Wire, https://marbellawire.com/prices/chiringuitos/",https://creativecommons.org/licenses/by/4.0/
las-cuchis,Las Cuchis (Restaurante Camurí – Las Cuchis),Río Verde,,operating,,€19.80–32,menu,mains,,€€€,,,,https://lascuchis.camuri.es/,https://lascuchis.camuri.es/wp-content/uploads/2026/06/Carta-Las-Cuchis.pdf,true,"Paseo de las cuchis, s/n, 29602 Marbella, Málaga, Spain",660 59 58 19,ChIJN7_ZhM8pcw0RqjPuL4gKJUY,https://maps.google.com/?cid=5054457736829219754&g_mp=CiVnb29nbGUubWFwcy5wbGFjZXMudjEuUGxhY2VzLkdldFBsYWNlEAIYBCAA,2026-08-17,https://marbellawire.com/prices/chiringuitos/las-cuchis/,EUR,https://marbellawire.com/prices/chiringuitos/,"Marbella Wire, https://marbellawire.com/prices/chiringuitos/",https://creativecommons.org/licenses/by/4.0/
el-nini,Playa Nini Beach Restaurant,San Pedro de Alcántara,Playa de San Pedro de Alcántara,operating,,€14.5,menu,espeto,"Fish & Meats category (incl. sardine skewers) ""from €13.50""; Pasta & Paellas ""from €18""; Sushi rolls ""from €18"". Google Business lists overall price-per-person as €20–60.",€€€,"Nigiri · Japanese Wagyu (Wagyu beef, flambéed, Himalayan salt, truffle)",,14.5,https://playaninimarbella.com,https://playaninimarbella.com/wp-content/uploads/2024/05/PLAYA-NINI-COMIDA-50uds-180mmx297mm.pdf,true,"Av. Mar Mediterráneo, 1, 29670 Marbella, Málaga, Spain",687 58 87 77,ChIJnzUOTOgrcw0RclwYHW1oGEY,https://maps.google.com/?cid=5050901799944871026&g_mp=CiVnb29nbGUubWFwcy5wbGFjZXMudjEuUGxhY2VzLkdldFBsYWNlEAIYBCAA,2026-08-17,https://marbellawire.com/prices/chiringuitos/el-nini/,EUR,https://marbellawire.com/prices/chiringuitos/,"Marbella Wire, https://marbellawire.com/prices/chiringuitos/",https://creativecommons.org/licenses/by/4.0/
la-sala-by-the-sea,La Sala By The Sea,Puerto Banús,,operating,,€18–45,menu,mains,,€€€€,,,,https://lasalabythesea.com,https://cdn.lasalabythesea.com/downloads/menu.pdf,true,"Av José Banús, Nueva Andalucía, 29660 Marbella, Málaga, Spain",952 81 38 82,ChIJMXEdUpMpcw0RWw1P2pG6GSg,https://maps.google.com/?cid=2889545771530521947&g_mp=CiVnb29nbGUubWFwcy5wbGFjZXMudjEuUGxhY2VzLkdldFBsYWNlEAIYBCAA,2026-08-17,https://marbellawire.com/prices/chiringuitos/la-sala-by-the-sea/,EUR,https://marbellawire.com/prices/chiringuitos/,"Marbella Wire, https://marbellawire.com/prices/chiringuitos/",https://creativecommons.org/licenses/by/4.0/
banus-beach,Banús Beach,Puerto Banús - Muelle de L,,operating,,€18–80,menu,mains,,,,,,https://banusbeachmarbella.com,https://banusbeachmarbella.com/wp-content/uploads/2026/05/BanusBeach_Menu_Restaurante.pdf,true,"Muelle de Levante, s/n, Nueva Andalucía, 29660 Marbella, Málaga, Spain",683 22 34 80,ChIJ-cJO670pcw0R5XrU_PYfXyc,https://maps.google.com/?cid=2837021435930901221&g_mp=CiVnb29nbGUubWFwcy5wbGFjZXMudjEuUGxhY2VzLkdldFBsYWNlEAIYBCAA,2026-08-17,https://marbellawire.com/prices/chiringuitos/banus-beach/,EUR,https://marbellawire.com/prices/chiringuitos/,"Marbella Wire, https://marbellawire.com/prices/chiringuitos/",https://creativecommons.org/licenses/by/4.0/
palm-beach-los-monteros,Palm Beach Los Monteros,Los Monteros beach,,operating,,€23.50–30,menu,mains,,€€€,,,,https://palmbeachlosmonteros.com,https://palmbeachlosmonteros.com/carta/,false,"Palm Beach Los Monteros, Carr. de Cádiz, KM-1038, 29603 Marbella, Málaga, Spain",952 85 90 34,ChIJ8QLAHWUncw0R0LW0w0zfwz4,https://maps.google.com/?cid=4522703971604018640&g_mp=CiVnb29nbGUubWFwcy5wbGFjZXMudjEuUGxhY2VzLkdldFBsYWNlEAIYBCAA,2026-08-17,https://marbellawire.com/prices/chiringuitos/palm-beach-los-monteros/,EUR,https://marbellawire.com/prices/chiringuitos/,"Marbella Wire, https://marbellawire.com/prices/chiringuitos/",https://creativecommons.org/licenses/by/4.0/
sacay,Sacay Beach,Playa El Cable,Playa El Cable,operating,2019,,,,,€€,Espetos (charcoal-grilled sardines/fish),,,https://www.sacaybeach.com/,https://www.sacaybeach.com/carta/,false,"C. Tales de Mileto, 189I, 29603 Marbella, Málaga, Spain",635 71 85 97,ChIJn6ieU1Encw0R-ZD9POVjuZ0,https://maps.google.com/?cid=11365224970868068601&g_mp=CiVnb29nbGUubWFwcy5wbGFjZXMudjEuUGxhY2VzLkdldFBsYWNlEAIYBCAA,2026-08-17,https://marbellawire.com/prices/chiringuitos/sacay/,EUR,https://marbellawire.com/prices/chiringuitos/,"Marbella Wire, https://marbellawire.com/prices/chiringuitos/",https://creativecommons.org/licenses/by/4.0/
chiringuito-macaao,Chiringuito Macaao (Macaao Beach Club),San Pedro de Alcántara,,operating,,€28–48,menu,mains,,€€€,,,,https://macaaobeach.com/,https://macaaobeach.com/wp-content/uploads/2026/04/carta-comida.pdf,true,"Calle Chopos, C. José Echegaray, S/n, 29670 San Pedro Alcántara, Málaga, Spain",699 09 34 37,ChIJFRbhfZ4rcw0RoSJTDRxa0OE,https://maps.google.com/?cid=16271604530218738337&g_mp=CiVnb29nbGUubWFwcy5wbGFjZXMudjEuUGxhY2VzLkdldFBsYWNlEAIYBCAA,2026-08-17,https://marbellawire.com/prices/chiringuitos/chiringuito-macaao/,EUR,https://marbellawire.com/prices/chiringuitos/,"Marbella Wire, https://marbellawire.com/prices/chiringuitos/",https://creativecommons.org/licenses/by/4.0/
restaurante-puerto-playa,Restaurante Puerto Playa,Marbella centro,Playa de la Bajadilla,operating,,€4,menu,espeto,"€20-30 per person (average total per Sluurpy aggregator, Jan 2026 menu verification)",€€,Espetos de sardinas (sardines skewered and grilled over an open beach fire),,4,http://www.restaurantepuertoplaya.es/,http://www.restaurantepuertoplaya.es/bar-restaurante.htm,false,"Playa la Bajadilla s/n, 29603 Marbella, Málaga, Spain",952 86 00 11,ChIJSQx0p_Uncw0RQEou_lRyDOA,https://maps.google.com/?cid=16144404473583651392&g_mp=CiVnb29nbGUubWFwcy5wbGFjZXMudjEuUGxhY2VzLkdldFBsYWNlEAIYBCAA,2026-08-17,https://marbellawire.com/prices/chiringuitos/restaurante-puerto-playa/,EUR,https://marbellawire.com/prices/chiringuitos/,"Marbella Wire, https://marbellawire.com/prices/chiringuitos/",https://creativecommons.org/licenses/by/4.0/
pesquera-de-san-pedro,Pesquera de San Pedro,San Pedro de Alcántara,,operating,,,,,,€€,,,,https://lapesquerasanpedro.com/,https://lapesquerasanpedro.com/nuestra-carta/,false,"Av. del Mediterráneo, 29670 Nueva Alcántara, Málaga, Spain",676 20 20 30,ChIJowmSGzAqcw0RDlPL8yGP6XQ,https://maps.google.com/?cid=8424421953960104718&g_mp=CiVnb29nbGUubWFwcy5wbGFjZXMudjEuUGxhY2VzLkdldFBsYWNlEAIYBCAA,2026-08-17,https://marbellawire.com/prices/chiringuitos/pesquera-de-san-pedro/,EUR,https://marbellawire.com/prices/chiringuitos/,"Marbella Wire, https://marbellawire.com/prices/chiringuitos/",https://creativecommons.org/licenses/by/4.0/
la-pesquera-del-faro,La Pesquera del Faro,Marbella centro,Playa del Faro,operating,,€14,menu,espeto,,€€,Espetos de sardinas (grilled sardine skewers),,14,https://lapesqueradelfaro.com/,https://lapesquera.com/cartas/faro.pdf,true,"Av. Duque de Ahumada, 29602 Marbella, Málaga, Spain",676 10 10 60,ChIJscEblToncw0RQJLgVu6MIZA,https://maps.google.com/?cid=10385737170980737600&g_mp=CiVnb29nbGUubWFwcy5wbGFjZXMudjEuUGxhY2VzLkdldFBsYWNlEAIYBCAA,2026-08-17,https://marbellawire.com/prices/chiringuitos/la-pesquera-del-faro/,EUR,https://marbellawire.com/prices/chiringuitos/,"Marbella Wire, https://marbellawire.com/prices/chiringuitos/",https://creativecommons.org/licenses/by/4.0/
